Type,New Task Id,New Task CPU,New Task Mem,New Node,Old Task Id,Old Task CPU, Old Task Mem, Old Task's New Node,Time 
Reschedule,453105,0.076420,0.339400,110,386677,0.216300,0.221900,104,0
Reschedule,580922,0.127200,0.312500,106,898204,0.108800,0.125000,99,0
Reschedule,366036,0.127200,0.312500,104,302434,0.063600,0.250000,39,0
Reschedule,815395,0.063600,0.250000,110,783895,0.076420,0.162600,103,0
Reschedule,628218,0.076420,0.339400,84,134502,0.052490,0.187500,50,0
Reschedule,914780,0.063600,0.250000,92,812340,0.139900,0.156200,67,0
Reschedule,367968,0.063600,0.250000,62,608852,0.047730,0.125000,51,0
Reschedule,368136,0.053160,0.187500,98,324932,0.028630,0.125000,46,0
Reschedule,504280,0.047730,0.125000,120,437735,0.007767,0.012500,115,0
Reschedule,766382,0.055660,0.125000,117,444515,0.031800,0.056270,45,0
Reschedule,219985,0.047730,0.062500,139,561300,0.026430,0.037480,80,0
Reschedule,539969,0.047730,0.062500,138,587930,0.015900,0.056270,52,0
Reschedule,540019,0.117400,0.062500,137,300393,0.031800,0.056270,53,0
Reschedule,634556,0.039610,0.062500,137,345759,0.015900,0.031250,127,0
Reschedule,186537,0.071660,0.062500,137,486293,0.031800,0.056270,90,0
Reschedule,758242,0.031070,0.187500,148,791112,0.038020,0.112500,146,0
Reschedule,419497,0.047730,0.062500,150,208195,0.020690,0.040650,99,0
Reschedule,717650,0.039610,0.062500,150,221320,0.006836,0.031250,143,0
Reschedule,223662,0.076420,0.084350,134,554115,0.016050,0.031250,38,0
Reschedule,544051,0.118400,0.062500,148,757797,0.015900,0.056270,123,0
Reschedule,704978,0.060610,0.250000,160,649992,0.031070,0.187500,153,0
Reschedule,955276,0.031800,0.381300,159,421361,0.076420,0.150600,155,0
Reschedule,556330,0.089600,0.074950,160,492761,0.085690,0.062500,152,0
Reschedule,769542,0.047730,0.193800,180,442207,0.011930,0.068730,16,8100
Reschedule,286674,0.047730,0.193800,177,603293,0.029390,0.240700,178,8700
Reschedule,333015,0.047730,0.193800,177,465633,0.011930,0.068730,37,8700
Reschedule,675027,0.047730,0.193800,175,128104,0.055660,0.125000,91,8700
Reschedule,5940,0.047730,0.193800,174,247591,0.108800,0.125000,92,8700
Reschedule,992457,0.055660,0.187500,179,670613,0.011930,0.068730,56,16200
Reschedule,742482,0.047730,0.157200,180,462821,0.031800,0.062500,172,17700
Reschedule,607386,0.055660,0.187500,179,474264,0.076420,0.125000,90,19500
Reschedule,177141,0.055660,0.187500,176,887291,0.011930,0.068730,34,19500
Reschedule,723278,0.063600,0.187500,175,591790,0.011930,0.068730,154,19500
Reschedule,381314,0.055660,0.187500,174,806509,0.076420,0.103800,67,19500
Reschedule,671681,0.055660,0.187500,173,789078,0.031800,0.062500,5,19500
Reschedule,327986,0.055660,0.187500,169,879649,0.031070,0.187500,178,19500
Reschedule,671641,0.055660,0.187500,164,436533,0.076420,0.128200,120,19500
Reschedule,310572,0.055660,0.187500,163,378378,0.055660,0.125000,138,19500
Reschedule,132677,0.069210,0.206300,158,142070,0.001554,0.250500,178,19500
Reschedule,463552,0.069210,0.206300,156,472572,0.007767,0.151400,178,19500
Reschedule,728610,0.061710,0.180900,175,766123,0.033390,0.125000,59,20100
Reschedule,335892,0.020690,0.099980,177,163863,0.011930,0.068730,127,21300
Reschedule,976590,0.020690,0.099980,177,532175,0.031800,0.062500,169,21300
Reschedule,518143,0.020690,0.099980,174,783782,0.031190,0.037480,41,21300
Reschedule,137577,0.020690,0.099980,172,462821,0.031800,0.062500,23,21300
Reschedule,322711,0.020690,0.099980,171,897118,0.031800,0.062500,98,21300
Reschedule,408649,0.020690,0.099980,171,949307,0.031800,0.062500,103,21300
Reschedule,178871,0.020690,0.099980,171,997815,0.082150,0.081300,25,21300
Reschedule,884848,0.020690,0.099980,170,193760,0.076420,0.084960,149,21300
Reschedule,647473,0.020690,0.099980,168,921888,0.076420,0.084960,131,21300
Reschedule,831150,0.020690,0.099980,167,975447,0.076420,0.084960,155,21300
Reschedule,127837,0.020690,0.099980,166,876973,0.031800,0.062500,108,21300
Reschedule,824718,0.020690,0.099980,165,587949,0.031800,0.062500,123,21300
Reschedule,647397,0.020690,0.099980,163,997637,0.031800,0.062500,129,21300
Reschedule,26859,0.020690,0.099980,162,651302,0.076420,0.084960,68,21300
Reschedule,821493,0.020690,0.099980,177,847269,0.031800,0.062500,12,21900
Reschedule,822184,0.020690,0.099980,177,34993,0.011930,0.068730,165,21900
Reschedule,611209,0.020690,0.099980,175,481668,0.015900,0.021240,22,21900
Reschedule,28228,0.020690,0.099980,174,681846,0.031190,0.037480,55,21900
Reschedule,570947,0.020690,0.099980,171,843091,0.047730,0.068730,167,21900
Reschedule,452703,0.020690,0.099980,171,808720,0.011930,0.068730,79,21900
Reschedule,254230,0.020690,0.099980,163,691130,0.047730,0.068730,148,21900
Reschedule,899897,0.020690,0.099980,162,630804,0.159200,0.062500,150,21900
Reschedule,720776,0.020690,0.099980,161,973553,0.071660,0.068730,38,21900
Reschedule,689506,0.020690,0.099980,160,988204,0.011930,0.068730,74,21900
Reschedule,340794,0.020690,0.099980,160,556330,0.089600,0.074950,156,21900
Reschedule,943758,0.055660,0.187500,180,742482,0.047730,0.157200,42,25800
Reschedule,657826,0.063600,0.187500,180,189024,0.031800,0.062500,48,25800
Reschedule,728,0.063600,0.187500,176,863215,0.006775,0.009369,6,25800
Reschedule,132678,0.069210,0.206300,172,11318,0.019100,0.106200,115,25800
Reschedule,463553,0.069210,0.206300,171,682383,0.011930,0.068730,12,25800
Reschedule,655152,0.020690,0.099980,179,900494,0.006104,0.062500,13,26400
Reschedule,5487,0.020690,0.099980,174,613474,0.011930,0.068730,30,26400
Reschedule,124156,0.020690,0.099980,172,337208,0.110400,0.036250,6,26400
Reschedule,967007,0.020690,0.099980,171,782275,0.011930,0.068730,53,26400
Reschedule,640346,0.020690,0.099980,171,308215,0.011930,0.068730,55,26400
Reschedule,296602,0.020690,0.099980,170,763571,0.110400,0.036250,10,26400
Reschedule,454135,0.020690,0.099980,169,705624,0.159200,0.062500,47,26400
Reschedule,454136,0.020690,0.099980,168,697243,0.011930,0.068730,65,26400
Reschedule,588018,0.159200,0.062500,180,357141,0.025450,0.023740,16,29100
Reschedule,726320,0.159200,0.062500,177,979758,0.085690,0.062500,172,29100
Reschedule,520580,0.159200,0.062500,176,761334,0.003883,0.062500,172,29100
Reschedule,202017,0.159200,0.062500,175,834571,0.110400,0.036250,19,29100
Reschedule,870135,0.159200,0.062500,174,419218,0.110400,0.036250,26,29100
Reschedule,118045,0.159200,0.062500,164,620138,0.020200,0.056270,82,29100
Reschedule,528126,0.159200,0.062500,160,419088,0.025450,0.023740,33,29100
Reschedule,496765,0.063350,0.062500,170,458137,0.012700,0.053100,156,29400
Reschedule,169022,0.020690,0.099980,179,263364,0.031800,0.062500,114,30000
Reschedule,300156,0.020690,0.099980,179,559217,0.011930,0.068730,128,30000
Reschedule,426677,0.020690,0.099980,175,772126,0.122800,0.062500,141,30000
Reschedule,944707,0.020690,0.099980,129,22515,0.001554,0.250500,178,30000
Reschedule,910486,0.020690,0.099980,129,545284,0.039790,0.046880,154,30000
Reschedule,873851,0.020690,0.099980,109,888036,0.020690,0.040650,151,30000
Reschedule,251121,0.020690,0.099980,74,840471,0.039790,0.046880,42,30000
Reschedule,844284,0.020690,0.099980,71,805822,0.020200,0.056270,157,30000
Reschedule,871107,0.020690,0.099980,65,930336,0.012700,0.053100,39,30000
Reschedule,844202,0.020690,0.099980,47,148425,0.001865,0.062500,178,30000
Reschedule,631254,0.020690,0.099980,190,568226,0.015900,0.030300,30,39900
Reschedule,628933,0.020690,0.099980,189,187527,0.015900,0.030300,36,39900
Reschedule,347743,0.020690,0.099980,187,811100,0.063600,0.062500,140,40200
Reschedule,738588,0.020690,0.099980,187,35248,0.039790,0.049990,128,40200
Reschedule,936907,0.020690,0.099980,186,236964,0.206800,0.093750,146,40200
Reschedule,26316,0.020690,0.099980,185,147630,0.039790,0.049990,151,40200
Reschedule,3324,0.020690,0.099980,184,859533,0.015900,0.030300,172,40200
Reschedule,361044,0.020690,0.099980,184,753500,0.206800,0.093750,168,40200
Reschedule,985383,0.020690,0.099980,183,600616,0.039790,0.049990,165,40200
Reschedule,175261,0.020690,0.099980,182,713535,0.063600,0.062500,19,40200
Reschedule,352844,0.020690,0.099980,181,814048,0.039790,0.049990,45,40200
Reschedule,277533,0.020690,0.099980,179,466497,0.031800,0.062500,68,40200
Reschedule,703627,0.020690,0.099980,190,705877,0.011930,0.068730,61,41400
Reschedule,561146,0.020690,0.099980,189,839247,0.063600,0.062500,109,41400
Reschedule,507382,0.020690,0.099980,189,520138,0.011930,0.068730,7,41400
Reschedule,316472,0.020690,0.099980,188,514994,0.039790,0.049990,64,41400
Reschedule,829640,0.020690,0.099980,187,909175,0.039790,0.049990,111,41400
Reschedule,898721,0.020690,0.099980,187,937803,0.031800,0.062500,147,41400
Reschedule,941558,0.020690,0.099980,186,415666,0.015900,0.030300,42,41400
Reschedule,386602,0.020690,0.099980,184,163159,0.015900,0.030300,43,41400
Reschedule,831425,0.020690,0.099980,181,336754,0.063600,0.062500,152,41400
Reschedule,550564,0.020690,0.099980,179,204079,0.063600,0.062500,155,41400
Reschedule,395017,0.020690,0.099980,176,520127,0.039790,0.049990,112,41400
Reschedule,140122,0.020690,0.099980,175,150282,0.015900,0.030300,100,41400
Reschedule,306263,0.020690,0.099980,171,927297,0.063350,0.062500,160,41400
Reschedule,231894,0.020690,0.099980,170,496765,0.063350,0.062500,14,41400
Reschedule,680651,0.020690,0.099980,165,583901,0.071410,0.081300,51,41400
Reschedule,708166,0.020690,0.099980,162,896951,0.122800,0.062500,50,41400
Reschedule,655589,0.020690,0.099980,161,663253,0.031800,0.062500,157,41400
Reschedule,333081,0.020690,0.099980,148,411975,0.039790,0.049990,128,41400
Reschedule,644270,0.020690,0.099980,96,351586,0.001865,0.062500,178,41400
Reschedule,646607,0.020690,0.099980,79,377277,0.039790,0.049990,107,41400
Reschedule,977089,0.020690,0.099980,17,935146,0.001554,0.250500,178,41400
Reschedule,132686,0.069210,0.206300,190,617234,0.057500,0.022490,69,64500
Reschedule,463556,0.069210,0.206300,189,785873,0.159200,0.062500,60,64500
Reschedule,671651,0.087520,0.375000,188,586700,0.031070,0.187500,187,66600
Reschedule,949834,0.047730,0.193800,190,888032,0.055660,0.125000,125,95700
Reschedule,335472,0.047730,0.193800,186,903100,0.031070,0.187500,178,95700
Reschedule,943852,0.047730,0.193800,181,708988,0.055660,0.125000,173,95700
Reschedule,653274,0.047730,0.193800,179,804648,0.031980,0.125000,129,95700
Reschedule,263700,0.047730,0.193800,190,267662,0.017460,0.062500,163,96000
Reschedule,898531,0.047730,0.193800,187,363933,0.020690,0.099980,165,96000
Reschedule,375033,0.047730,0.193800,184,283745,0.002892,0.072880,1,96000
Reschedule,937962,0.047730,0.193800,187,554526,0.079590,0.068730,155,96300
Reschedule,626795,0.047730,0.193800,186,486064,0.020690,0.099980,166,96300
Reschedule,835456,0.047730,0.193800,183,735780,0.055660,0.125000,169,96300
Reschedule,233381,0.047730,0.193800,181,27276,0.154100,0.125000,27,96300
Reschedule,560360,0.047730,0.193800,172,201434,0.232700,0.151400,28,96300
Reschedule,206476,0.047730,0.193800,171,993432,0.055660,0.125000,88,96300
Reschedule,349941,0.047730,0.193800,170,247591,0.108800,0.125000,35,96300
Reschedule,375975,0.047730,0.193800,168,890107,0.059020,0.110600,129,96300
Reschedule,340401,0.047730,0.193800,164,672668,0.030090,0.151400,97,96300
Reschedule,260255,0.047730,0.193800,161,843841,0.256800,0.143800,102,96300
Reschedule,384497,0.031800,0.062500,189,879577,0.031800,0.056270,163,97200
Reschedule,147730,0.017460,0.062500,182,832550,0.002892,0.072880,60,97200
Reschedule,182759,0.031800,0.062500,181,734443,0.044560,0.049990,127,97200
Reschedule,373618,0.031800,0.062500,181,443423,0.044560,0.049990,104,97200
Reschedule,953661,0.031800,0.062500,181,945672,0.002022,0.062500,21,97200
Reschedule,568309,0.031800,0.062500,170,680600,0.060550,0.024230,45,97200
Reschedule,932332,0.031800,0.062500,170,742831,0.003109,0.062500,82,97200
Reschedule,306009,0.031800,0.062500,166,717768,0.038210,0.061890,145,97200
Reschedule,529862,0.031800,0.062500,161,718121,0.015900,0.056270,159,97200
Reschedule,534552,0.031800,0.062500,154,545284,0.039790,0.046880,103,97200
Reschedule,631138,0.031800,0.062500,153,405393,0.057500,0.022490,64,97200
Reschedule,425465,0.031800,0.062500,151,888036,0.020690,0.040650,88,97200
Reschedule,898984,0.031800,0.062500,147,879222,0.020690,0.040650,63,97200
Reschedule,654319,0.031800,0.062500,136,756719,0.020690,0.040650,93,97200
Reschedule,464266,0.031800,0.062500,111,284605,0.003109,0.031250,6,97200
Reschedule,912449,0.031800,0.062500,96,430645,0.001865,0.062500,49,97200
Reschedule,861199,0.031800,0.062500,94,302109,0.013170,0.030640,77,97200
Reschedule,502503,0.031800,0.062500,81,185071,0.006836,0.031250,72,97200
Reschedule,163075,0.031800,0.062500,35,281515,0.017090,0.037480,59,97200
Reschedule,153291,0.031800,0.062500,13,182818,0.057500,0.022490,171,97200
Reschedule,522412,0.031800,0.062500,10,923163,0.057500,0.022490,56,97200
Reschedule,992480,0.029390,0.240700,190,836106,0.117100,0.193800,89,177300
Reschedule,664819,0.029390,0.240700,154,443038,0.031740,0.121800,84,177300
Reschedule,911124,0.079590,0.068730,200,971680,0.027950,0.062500,12,177600
Reschedule,199306,0.079590,0.068730,200,991610,0.183100,0.062500,45,177600
Reschedule,209685,0.071660,0.068730,199,625725,0.025450,0.024990,38,177600
Reschedule,612427,0.079590,0.068730,199,539271,0.183100,0.062500,162,177600
Reschedule,583064,0.079590,0.068730,198,918092,0.020200,0.056270,77,177600
Reschedule,970192,0.079590,0.068730,197,773171,0.039790,0.037230,4,177600
Reschedule,200801,0.079590,0.068730,197,875248,0.183100,0.062500,39,177600
Reschedule,794729,0.079590,0.068730,196,861999,0.031800,0.056270,25,177600
Reschedule,448721,0.079590,0.068730,195,442172,0.031800,0.062500,89,177600
Reschedule,248594,0.079590,0.068730,200,804088,0.183100,0.062500,89,179100
Reschedule,199318,0.079590,0.068730,200,481653,0.039610,0.062500,174,179100
Reschedule,766749,0.031800,0.062500,200,893073,0.009521,0.062500,9,179100
Reschedule,270755,0.031800,0.062500,199,967043,0.025450,0.024990,10,179100
Reschedule,389395,0.031800,0.062500,199,9309,0.011930,0.068730,174,179100
Reschedule,488941,0.031800,0.062500,199,699224,0.011930,0.068730,182,179100
Reschedule,244589,0.031800,0.062500,199,386169,0.009796,0.062500,197,179100
Reschedule,120883,0.031800,0.062500,198,455408,0.025450,0.024990,11,179100
Reschedule,431909,0.031800,0.062500,196,469251,0.039790,0.037230,14,179100
Reschedule,155010,0.031800,0.062500,196,943561,0.039790,0.037230,16,179100
Reschedule,327236,0.031800,0.062500,195,590666,0.004662,0.062500,20,179100
Reschedule,472172,0.031800,0.062500,194,274544,0.039790,0.037230,22,179100
Reschedule,119267,0.031800,0.062500,193,912102,0.079590,0.024990,45,179100
Reschedule,232521,0.031800,0.062500,192,276762,0.039790,0.037230,24,179100
Reschedule,978315,0.031800,0.062500,190,877804,0.009323,0.037480,34,179100
Reschedule,883654,0.031800,0.062500,189,562644,0.079590,0.024990,67,179100
Reschedule,272249,0.031800,0.062500,188,470416,0.039790,0.037230,82,179100
Reschedule,992267,0.031800,0.062500,188,457282,0.039790,0.037230,107,179100
Reschedule,954605,0.031800,0.062500,188,21418,0.004662,0.062500,96,179100
Reschedule,617565,0.031800,0.062500,187,632758,0.039790,0.037230,116,179100
Reschedule,753204,0.031800,0.062500,186,808741,0.079590,0.024990,77,179100
Reschedule,530913,0.031800,0.062500,185,972941,0.071660,0.049990,177,179100
Reschedule,762462,0.031800,0.062500,184,639264,0.039790,0.037230,117,179100
Reschedule,822027,0.031800,0.062500,181,422745,0.012440,0.056270,40,179100
Reschedule,137169,0.031800,0.062500,178,793663,0.047730,0.049990,122,179100
Reschedule,390698,0.031800,0.062500,176,784426,0.039790,0.037230,59,179100
Reschedule,794758,0.079590,0.068730,169,193886,0.047730,0.049990,79,179100
Reschedule,411072,0.071660,0.068730,171,182818,0.057500,0.022490,77,179100
Reschedule,448742,0.079590,0.068730,168,762820,0.047730,0.049990,95,179100
Reschedule,970203,0.079590,0.068730,166,661778,0.047730,0.049990,55,179100
Reschedule,911151,0.079590,0.068730,159,718121,0.015900,0.056270,71,179100
Reschedule,200832,0.079590,0.068730,153,681199,0.085820,0.031250,124,179100
Reschedule,974761,0.079590,0.068730,148,409199,0.047730,0.049990,104,179100
Reschedule,731922,0.079590,0.068730,132,773836,0.039790,0.037230,127,179100
Reschedule,209711,0.071660,0.068730,131,534967,0.039790,0.037230,25,179100
Reschedule,211241,0.079590,0.068730,119,376575,0.070560,0.031250,50,179100
Reschedule,307463,0.079590,0.068730,114,702596,0.039790,0.037230,65,179100
Reschedule,248595,0.079590,0.068730,109,543643,0.039790,0.037230,97,179100
Reschedule,554702,0.079590,0.068730,106,706704,0.039790,0.037230,120,179100
Reschedule,448743,0.079590,0.068730,28,842446,0.079590,0.024990,91,179100
Reschedule,258967,0.079590,0.068730,20,489909,0.082280,0.031250,63,179100
Reschedule,886151,0.159200,0.036930,210,732096,0.079590,0.068730,1,187800
Reschedule,132139,0.159200,0.036930,209,980062,0.079590,0.068730,4,187800
Reschedule,897705,0.159200,0.036930,209,206348,0.124300,0.012500,8,187800
Reschedule,180744,0.159200,0.036930,207,294934,0.124300,0.062500,10,187800
Reschedule,579223,0.159200,0.036930,206,875144,0.124300,0.062500,13,187800
Reschedule,686482,0.159200,0.036930,206,209880,0.071660,0.068730,6,187800
Reschedule,210943,0.159200,0.036930,206,141462,0.124300,0.012500,16,187800
Reschedule,328248,0.159200,0.036930,205,936056,0.124300,0.062500,17,187800
Reschedule,851368,0.159200,0.036930,204,209882,0.071660,0.068730,18,187800
Reschedule,774608,0.159200,0.036930,203,659368,0.079590,0.068730,21,187800
Reschedule,772703,0.159200,0.036930,203,558903,0.124300,0.012500,19,187800
Reschedule,892472,0.159200,0.036930,202,754544,0.124300,0.062500,24,187800
Reschedule,815530,0.159200,0.036930,201,911329,0.079590,0.068730,27,187800
Reschedule,778144,0.159200,0.036930,201,465644,0.124300,0.012500,30,187800
Reschedule,460740,0.159200,0.036930,200,647531,0.124300,0.012500,34,187800
Reschedule,525237,0.159200,0.036930,200,406215,0.124300,0.012500,39,187800
Reschedule,872241,0.159200,0.036930,198,498178,0.123200,0.062500,31,187800
Reschedule,180158,0.159200,0.036930,197,444011,0.124300,0.012500,43,187800
Reschedule,340487,0.159200,0.036930,197,212390,0.124300,0.012500,45,187800
Reschedule,782468,0.159200,0.036930,195,478477,0.123200,0.062500,33,187800
Reschedule,724211,0.159200,0.036930,193,974931,0.079590,0.068730,28,187800
Reschedule,660069,0.159200,0.036930,192,174179,0.124300,0.012500,52,187800
Reschedule,840900,0.159200,0.036930,190,248776,0.079590,0.068730,36,187800
Reschedule,574212,0.159200,0.036930,189,583266,0.079590,0.068730,40,187800
Reschedule,817013,0.159200,0.036930,188,266153,0.057500,0.022490,60,187800
Reschedule,674727,0.159200,0.036930,187,554882,0.079590,0.068730,41,187800
Reschedule,203714,0.159200,0.036930,187,897739,0.124300,0.012500,66,187800
Reschedule,538619,0.159200,0.036930,186,613078,0.095460,0.125000,55,187800
Reschedule,648025,0.159200,0.036930,185,361669,0.124300,0.062500,67,187800
Reschedule,846617,0.159200,0.036930,185,864189,0.117600,0.110600,74,187800
Reschedule,924485,0.159200,0.036930,184,776515,0.124300,0.012500,70,187800
Reschedule,338074,0.159200,0.036930,184,378492,0.124300,0.012500,85,187800
Reschedule,550657,0.159200,0.036930,182,28280,0.123200,0.062500,87,187800
Reschedule,829855,0.159200,0.036930,181,383178,0.095460,0.009369,156,187800
Reschedule,702546,0.159200,0.036930,180,740370,0.031800,0.062500,50,187800
Reschedule,243485,0.159200,0.036930,179,153404,0.095460,0.009369,25,187800
Reschedule,370026,0.159200,0.036930,177,221505,0.095460,0.125000,90,187800
Reschedule,289639,0.159200,0.036930,177,194830,0.095460,0.009369,42,187800
Reschedule,565820,0.159200,0.036930,175,557152,0.047730,0.078120,170,187800
Reschedule,249172,0.159200,0.036930,174,194278,0.123200,0.062500,95,187800
Reschedule,277859,0.159200,0.036930,173,438175,0.123200,0.062500,102,187800
Reschedule,276001,0.159200,0.036930,172,187536,0.123200,0.062500,105,187800
Reschedule,625422,0.159200,0.036930,170,715060,0.123200,0.062500,128,187800
Reschedule,243567,0.159200,0.036930,170,256395,0.123200,0.062500,133,187800
Reschedule,18227,0.159200,0.036930,167,804650,0.031980,0.125000,151,187800
Reschedule,344956,0.159200,0.036930,166,243293,0.123200,0.062500,135,187800
Reschedule,880633,0.159200,0.036930,166,343719,0.047730,0.078120,3,187800
Reschedule,478965,0.159200,0.036930,165,985328,0.059880,0.178500,53,187800
Reschedule,979191,0.159200,0.036930,164,815940,0.063600,0.187500,104,187800
Reschedule,753068,0.159200,0.036930,163,336739,0.123200,0.062500,137,187800
Reschedule,306213,0.159200,0.036930,162,891952,0.119400,0.081300,141,187800
Reschedule,773961,0.159200,0.036930,161,305552,0.063600,0.187500,171,187800
Reschedule,24743,0.159200,0.036930,160,557298,0.123200,0.062500,146,187800
Reschedule,455572,0.159200,0.036930,160,562384,0.122800,0.062500,158,187800
Reschedule,516517,0.159200,0.036930,157,207305,0.088260,0.125000,57,187800
Reschedule,428527,0.159200,0.036930,156,598764,0.123200,0.062500,96,187800
Reschedule,452095,0.159200,0.036930,155,710287,0.047730,0.049990,1,187800
Reschedule,482741,0.159200,0.036930,153,616052,0.117400,0.062500,92,187800
Reschedule,879137,0.159200,0.036930,152,492761,0.085690,0.062500,60,187800
Reschedule,121551,0.159200,0.036930,151,216901,0.047730,0.049990,14,187800
Reschedule,823387,0.159200,0.036930,150,547508,0.098510,0.062500,65,187800
Reschedule,560274,0.159200,0.036930,148,265278,0.047730,0.049990,37,187800
Reschedule,425878,0.159200,0.036930,147,344162,0.111300,0.036680,86,187800
Reschedule,165715,0.159200,0.036930,145,717768,0.038210,0.061890,18,187800
Reschedule,155467,0.159200,0.036930,145,787301,0.104900,0.062500,103,187800
Reschedule,382113,0.159200,0.036930,143,950759,0.146500,0.006248,46,187800
Reschedule,696127,0.159200,0.036930,143,894973,0.076420,0.084960,54,187800
Reschedule,25828,0.159200,0.036930,142,624170,0.111300,0.036680,91,187800
Reschedule,410724,0.159200,0.036930,136,321427,0.076420,0.162600,173,187800
Reschedule,26928,0.159200,0.036930,130,262060,0.038210,0.149900,58,187800
Reschedule,939232,0.159200,0.036930,126,187695,0.132300,0.006248,88,187800
Reschedule,748390,0.159200,0.036930,125,287306,0.132300,0.006248,97,187800
Reschedule,2060,0.159200,0.036930,124,896932,0.132300,0.006248,120,187800
Reschedule,314326,0.159200,0.036930,123,401901,0.076420,0.084960,61,187800
Reschedule,714731,0.159200,0.036930,120,566537,0.031070,0.187500,182,187800
Reschedule,186642,0.159200,0.036930,144,975496,0.096920,0.062500,120,187800
Reschedule,128376,0.159200,0.036930,119,280616,0.063350,0.062500,56,187800
Reschedule,300823,0.159200,0.036930,118,315166,0.111300,0.036680,93,187800
Reschedule,894556,0.159200,0.036930,115,282882,0.110600,0.036440,110,187800
Reschedule,459823,0.159200,0.036930,112,308224,0.047730,0.049990,40,187800
Reschedule,673276,0.159200,0.036930,97,734466,0.085690,0.062500,82,187800
Reschedule,605927,0.159200,0.036930,89,835939,0.031800,0.312500,193,187800
Reschedule,730658,0.159200,0.036930,131,375525,0.104900,0.062500,89,187800
Reschedule,550222,0.159200,0.036930,84,545950,0.017090,0.112500,31,187800
Reschedule,659810,0.159200,0.036930,83,593347,0.076420,0.103800,62,187800
Reschedule,901278,0.159200,0.036930,46,823243,0.076420,0.084960,72,187800
Reschedule,963821,0.159200,0.036930,12,971680,0.027950,0.062500,11,187800
Reschedule,411597,0.159200,0.036930,212,259138,0.079590,0.068730,211,187800
Reschedule,448917,0.079590,0.068730,207,411232,0.071660,0.068730,69,187800
Reschedule,970367,0.079590,0.068730,201,209879,0.071660,0.068730,76,187800
Reschedule,659370,0.079590,0.068730,191,411231,0.071660,0.068730,79,187800
Reschedule,411233,0.071660,0.068730,209,433569,0.047730,0.049990,50,187800
Reschedule,211410,0.079590,0.068730,189,574347,0.059690,0.125000,73,187800
Reschedule,911331,0.079590,0.068730,185,135262,0.063350,0.031250,111,187800
Reschedule,199497,0.079590,0.068730,178,903100,0.031070,0.187500,195,187800
Reschedule,583267,0.079590,0.068730,170,557152,0.047730,0.078120,113,187800
Reschedule,612618,0.079590,0.068730,165,248380,0.053160,0.062500,127,187800
Reschedule,980065,0.079590,0.068730,159,418669,0.027040,0.023220,9,187800
Reschedule,794936,0.079590,0.068730,153,570198,0.047730,0.049990,139,187800
Reschedule,307633,0.079590,0.068730,150,776340,0.057500,0.022490,23,187800
Reschedule,209883,0.071660,0.068730,207,293416,0.063350,0.031250,122,187800
Reschedule,554884,0.079590,0.068730,148,126303,0.047730,0.049990,140,187800
Reschedule,248779,0.079590,0.068730,137,531142,0.057500,0.022490,118,187800
Reschedule,732098,0.079590,0.068730,129,578637,0.031800,0.062500,29,187800
Reschedule,448918,0.079590,0.068730,107,133664,0.047730,0.006248,12,187800
Reschedule,201009,0.079590,0.068730,98,140689,0.063600,0.006248,27,187800
Reschedule,259139,0.079590,0.068730,91,390739,0.039610,0.062500,63,187800
Reschedule,659371,0.079590,0.068730,88,434497,0.031800,0.062500,64,187800
Reschedule,970368,0.079590,0.068730,15,823375,0.031800,0.062500,114,187800
Reschedule,954168,0.127200,0.125000,230,730523,0.031800,0.062500,187,748500
Reschedule,526231,0.127200,0.125000,230,413089,0.063600,0.125000,220,748500
Reschedule,347818,0.127200,0.125000,228,567104,0.031800,0.062500,191,748500
Reschedule,434931,0.127200,0.125000,227,229352,0.190900,0.062500,22,748500
Reschedule,950444,0.127200,0.125000,227,492560,0.092290,0.078120,3,748500
Reschedule,182041,0.127200,0.125000,226,716150,0.190900,0.062500,99,748500
Reschedule,24738,0.127200,0.125000,226,25090,0.011930,0.068730,136,748500
Reschedule,654969,0.127200,0.125000,225,890570,0.039610,0.062500,195,748500
Reschedule,890190,0.127200,0.125000,224,371898,0.190900,0.062500,193,748500
Reschedule,623998,0.127200,0.125000,230,656209,0.031800,0.062500,22,759300
Reschedule,394588,0.127200,0.125000,228,271911,0.031800,0.062500,26,759300
Reschedule,877943,0.127200,0.125000,227,150492,0.071660,0.068730,32,759300
Reschedule,318467,0.127200,0.125000,225,835153,0.143300,0.062500,9,759300
Reschedule,692024,0.127200,0.125000,225,376770,0.159200,0.030000,24,759300
Reschedule,303379,0.127200,0.125000,225,149437,0.092290,0.078120,33,759300
Reschedule,323988,0.127200,0.125000,224,756237,0.079590,0.081300,35,759300
Reschedule,402364,0.127200,0.125000,224,470386,0.092290,0.078120,44,759300
Reschedule,664667,0.127200,0.125000,223,773223,0.190900,0.062500,75,759300
Reschedule,742760,0.127200,0.125000,223,494248,0.063600,0.125000,77,759300
Reschedule,523229,0.127200,0.125000,222,697856,0.190900,0.062500,198,759300
Reschedule,694962,0.127200,0.125000,222,905605,0.039610,0.062500,30,759300
Reschedule,837702,0.127200,0.125000,222,561525,0.159200,0.030000,25,759300
Reschedule,920362,0.127200,0.125000,222,909252,0.159200,0.030000,25,759300
Reschedule,823400,0.127200,0.125000,221,13057,0.032590,0.126200,129,759300
Reschedule,384271,0.127200,0.125000,221,620730,0.190900,0.062500,84,759300
Reschedule,377743,0.127200,0.125000,221,443057,0.031740,0.121800,52,759300
Reschedule,792969,0.127200,0.125000,220,413089,0.063600,0.125000,78,759300
Reschedule,154835,0.127200,0.125000,220,317951,0.190900,0.062500,178,759300
Reschedule,725314,0.127200,0.125000,220,692890,0.159200,0.030000,56,759300
Reschedule,303380,0.127200,0.125000,220,295237,0.031980,0.125000,73,759300
Reschedule,623999,0.127200,0.125000,219,746383,0.047730,0.125000,92,759300
Reschedule,827376,0.127200,0.125000,219,260318,0.159200,0.030000,68,759300
Reschedule,331547,0.127200,0.125000,219,431593,0.047730,0.131300,99,759300
Reschedule,877944,0.127200,0.125000,218,852435,0.047730,0.125000,116,759300
Reschedule,394589,0.127200,0.125000,218,691255,0.159200,0.030000,70,759300
Reschedule,740796,0.127200,0.125000,217,137096,0.047730,0.125000,117,759300
Reschedule,692025,0.127200,0.125000,217,253203,0.159200,0.030000,136,759300
Reschedule,742761,0.127200,0.125000,216,862234,0.031800,0.062500,41,759300
Reschedule,318468,0.127200,0.125000,216,617544,0.159200,0.030000,168,759300
Reschedule,402365,0.127200,0.125000,215,770468,0.047730,0.125000,123,759300
Reschedule,823401,0.127200,0.125000,215,250394,0.159200,0.030000,191,759300
Reschedule,664668,0.127200,0.125000,214,809208,0.031800,0.043760,2,759300
Reschedule,920363,0.127200,0.125000,213,394546,0.039610,0.062500,43,759300
Reschedule,384272,0.127200,0.125000,212,289783,0.121100,0.062500,24,759300
Reschedule,377744,0.127200,0.125000,212,740210,0.063600,0.125000,124,759300
Reschedule,323989,0.127200,0.125000,211,872778,0.031800,0.062500,42,759300
Reschedule,523230,0.127200,0.125000,210,222075,0.159200,0.030000,200,759300
Reschedule,694963,0.127200,0.125000,209,954217,0.121100,0.062500,47,759300
Reschedule,154836,0.127200,0.125000,208,611334,0.076420,0.084350,50,759300
Reschedule,837703,0.127200,0.125000,208,489283,0.059690,0.125000,42,759300
Reschedule,792970,0.127200,0.125000,207,482615,0.159200,0.030000,202,759300
Reschedule,725315,0.127200,0.125000,207,242233,0.031800,0.125000,74,759300
Reschedule,624000,0.127200,0.125000,206,556070,0.159200,0.030000,23,759300
Reschedule,877945,0.127200,0.125000,206,757170,0.063600,0.125000,126,759300
Reschedule,692026,0.127200,0.125000,206,482810,0.079590,0.068730,48,759300
Reschedule,740797,0.127200,0.125000,205,579449,0.066770,0.106200,80,759300
Reschedule,303381,0.127200,0.125000,204,598360,0.079590,0.068730,51,759300
Reschedule,827377,0.127200,0.125000,203,288188,0.031800,0.043760,3,759300
Reschedule,989349,0.224600,0.381300,225,250049,0.047730,0.125000,35,766200
Reschedule,503726,0.094120,0.437500,230,201436,0.232700,0.151400,179,798600
Reschedule,916477,0.047730,0.125000,230,614055,0.031800,0.062500,8,818400
Reschedule,616470,0.047730,0.125000,229,926563,0.039610,0.062500,9,818400
Reschedule,126477,0.047730,0.125000,228,887309,0.079590,0.068730,35,818400
Reschedule,386668,0.047730,0.125000,224,594675,0.031800,0.031250,167,818400
Reschedule,7955,0.047730,0.125000,221,542463,0.031800,0.062500,12,818400
Reschedule,821139,0.047730,0.125000,220,786102,0.039790,0.034850,128,818400
Reschedule,503838,0.047730,0.125000,218,326713,0.075560,0.068730,53,818400
Reschedule,278888,0.047730,0.125000,217,521480,0.031800,0.031250,27,818400
Reschedule,591583,0.047730,0.125000,216,275074,0.079590,0.068730,56,818400
Reschedule,874129,0.047730,0.125000,215,527736,0.039790,0.034850,29,818400
Reschedule,799227,0.047730,0.125000,214,832122,0.031800,0.031250,38,818400
Reschedule,782198,0.047730,0.125000,211,560620,0.010880,0.049990,118,818400
Reschedule,269904,0.047730,0.125000,210,515884,0.010880,0.049990,129,818400
Reschedule,272538,0.047730,0.125000,205,587008,0.031800,0.031250,38,818400
Reschedule,942729,0.047730,0.125000,203,294928,0.063600,0.068730,130,818400
Reschedule,249285,0.047730,0.125000,199,816705,0.071660,0.068730,128,818400
Reschedule,170778,0.047730,0.125000,197,757533,0.011930,0.068730,174,818400
Reschedule,956631,0.047730,0.125000,196,771610,0.039790,0.078120,150,818400
Reschedule,966407,0.047730,0.125000,192,824621,0.039790,0.034850,52,818400
Reschedule,236272,0.047730,0.125000,190,140402,0.011660,0.006248,85,818400
Reschedule,381674,0.047730,0.125000,189,188870,0.011930,0.068730,31,818400
Reschedule,990965,0.047730,0.125000,187,352045,0.206800,0.093750,141,818400
Reschedule,727134,0.047730,0.125000,183,862736,0.031800,0.062500,147,818400
Reschedule,325878,0.047730,0.125000,182,594680,0.011930,0.068730,137,818400
Reschedule,547024,0.047730,0.125000,177,518074,0.079590,0.068730,102,818400
Reschedule,383530,0.047730,0.125000,174,174127,0.206800,0.093750,89,818400
Reschedule,550182,0.047730,0.125000,173,413064,0.011930,0.068730,158,818400
Reschedule,486296,0.047730,0.125000,173,959523,0.206800,0.093750,149,818400
Reschedule,607511,0.047730,0.125000,172,219695,0.039790,0.093750,109,818400
Reschedule,760433,0.047730,0.125000,170,252755,0.007950,0.056270,153,818400
Reschedule,816480,0.047730,0.125000,168,898248,0.044560,0.049990,85,818400
Reschedule,570641,0.154100,0.125000,167,145919,0.071660,0.068730,103,818400
Reschedule,964727,0.031800,0.062500,230,974160,0.039790,0.034850,127,818400
Reschedule,369534,0.017460,0.062500,227,991663,0.031800,0.056270,79,818400
Reschedule,842935,0.063350,0.062500,223,354863,0.020200,0.056270,120,818400
Reschedule,267736,0.017460,0.062500,220,857210,0.031800,0.056270,40,818400
Reschedule,951804,0.063600,0.062500,217,608180,0.039790,0.034850,195,818400
Reschedule,928700,0.015900,0.012500,227,617696,0.007767,0.003124,6,818400
Reschedule,449773,0.015900,0.012500,226,20605,0.005486,0.009369,36,818400
Reschedule,527614,0.015900,0.012500,225,515257,0.005486,0.009369,85,818400
Reschedule,627661,0.015900,0.012500,225,21777,0.005486,0.009369,100,818400
Reschedule,900099,0.015900,0.012500,219,418001,0.005486,0.009369,128,818400
Reschedule,575420,0.015900,0.012500,216,486327,0.005486,0.009369,188,818400
Reschedule,206213,0.015900,0.012500,211,472611,0.002331,0.006248,27,818400
Reschedule,850824,0.015900,0.012500,210,704989,0.007088,0.006248,73,818400
Reschedule,239594,0.015900,0.012500,206,286662,0.003975,0.006248,138,818400
Reschedule,380232,0.015900,0.012500,205,358662,0.003181,0.006248,91,818400
Reschedule,995113,0.015900,0.012500,201,33448,0.005486,0.009369,7,818400
Reschedule,299540,0.015900,0.012500,201,499765,0.127200,0.009369,16,818400
Reschedule,267443,0.015900,0.012500,197,733669,0.000777,0.006248,82,818400
Reschedule,180414,0.015900,0.012500,191,186779,0.045350,0.009369,141,818400
Reschedule,510850,0.015900,0.012500,187,312058,0.004005,0.009369,46,818400
Reschedule,984886,0.015900,0.012500,184,157978,0.000777,0.006248,153,818400
Reschedule,639091,0.015900,0.012500,182,707149,0.000777,0.006248,198,818400
Reschedule,669437,0.015900,0.012500,174,356042,0.001591,0.000625,2,818400
Reschedule,401603,0.015900,0.012500,173,993503,0.006836,0.004997,38,818400
Reschedule,583875,0.015900,0.012500,172,718540,0.134300,0.006248,12,818400
Reschedule,932702,0.015900,0.012500,167,526577,0.005486,0.009369,65,818400
Reschedule,487667,0.015900,0.012500,162,821983,0.139600,0.006248,35,818400
Reschedule,127810,0.015900,0.012500,160,291463,0.005486,0.009369,69,818400
Reschedule,451792,0.015900,0.012500,157,867288,0.001457,0.006248,150,818400
Reschedule,189336,0.015900,0.012500,155,698202,0.005486,0.009369,90,818400
Reschedule,887857,0.015900,0.012500,155,623555,0.007767,0.006248,123,818400
Reschedule,221277,0.015900,0.012500,152,586697,0.003975,0.006248,3,818400
Reschedule,168535,0.015900,0.012500,149,635715,0.000777,0.006248,32,818400
Reschedule,628570,0.015900,0.012500,148,684752,0.127200,0.009369,112,818400
Reschedule,724867,0.015900,0.012500,142,168973,0.000777,0.006248,47,818400
Reschedule,850293,0.015900,0.012500,139,217217,0.015900,0.006248,71,818400
Reschedule,882051,0.015900,0.012500,137,914069,0.045350,0.009369,75,818400
Reschedule,963538,0.079590,0.125000,223,175035,0.076420,0.084350,115,818700
Reschedule,664417,0.079590,0.125000,201,251589,0.071660,0.068730,152,818700
Reschedule,951596,0.015900,0.012500,216,196831,0.007088,0.006248,176,818700
Reschedule,487671,0.015900,0.012500,216,771655,0.005486,0.009369,54,818700
Reschedule,850828,0.015900,0.012500,206,544102,0.005486,0.009369,57,818700
Reschedule,380236,0.015900,0.012500,206,715080,0.127200,0.009369,107,818700
Reschedule,575424,0.015900,0.012500,193,565229,0.003975,0.006248,48,818700
Reschedule,991317,0.015900,0.012500,140,925956,0.001457,0.006248,118,818700
Reschedule,932706,0.015900,0.012500,129,491005,0.005486,0.009369,99,818700
Reschedule,628574,0.015900,0.012500,129,500100,0.005486,0.009369,204,818700
Reschedule,583879,0.015900,0.012500,127,736751,0.005486,0.009369,13,818700
Reschedule,121757,0.015900,0.012500,125,126621,0.001554,0.006248,60,818700
Reschedule,221281,0.015900,0.012500,124,145321,0.005486,0.009369,19,818700
Reschedule,651148,0.015900,0.012500,122,673568,0.000777,0.006248,85,818700
Reschedule,908466,0.015900,0.012500,121,127108,0.005486,0.009369,25,818700
Reschedule,630577,0.015900,0.012500,121,335569,0.005486,0.009369,34,818700
Reschedule,734764,0.015900,0.012500,120,555627,0.005486,0.009369,37,818700
Reschedule,584532,0.023860,0.012500,114,587190,0.005486,0.009369,44,818700
Reschedule,449777,0.015900,0.012500,111,608031,0.005486,0.009369,45,818700
Reschedule,984889,0.015900,0.012500,111,473435,0.005486,0.009369,83,818700
Reschedule,405135,0.015900,0.012500,110,293488,0.002331,0.006248,105,818700
Reschedule,375010,0.015900,0.012500,103,864093,0.003109,0.009369,89,818700
Reschedule,936309,0.015900,0.012500,93,489037,0.001457,0.006248,137,818700
Reschedule,738496,0.015900,0.012500,92,829603,0.005486,0.009369,166,818700
Reschedule,267448,0.015900,0.012500,91,388266,0.005486,0.009369,170,818700
Reschedule,900103,0.015900,0.012500,87,665821,0.005486,0.009369,201,818700
Reschedule,412209,0.015900,0.012500,84,344226,0.005486,0.009369,10,818700
Reschedule,162805,0.015900,0.012500,82,602601,0.005486,0.009369,49,818700
Reschedule,402270,0.015900,0.012500,81,996164,0.005486,0.009369,136,818700
Reschedule,299544,0.015900,0.012500,72,344737,0.127200,0.009369,145,818700
Reschedule,639096,0.015900,0.012500,67,930655,0.001457,0.006248,148,818700
Reschedule,207847,0.015900,0.012500,56,814625,0.127200,0.009369,178,818700
Reschedule,173533,0.015900,0.012500,31,238334,0.014620,0.006248,158,818700
Reschedule,711646,0.161600,0.437500,237,694851,0.046630,0.062500,35,857700
Reschedule,711647,0.161600,0.437500,237,775498,0.046630,0.062500,66,864300
Reschedule,711649,0.161600,0.437500,214,918120,0.124300,0.218800,232,876900
Reschedule,711650,0.161600,0.437500,232,918120,0.124300,0.218800,236,883200
Reschedule,540250,0.079590,0.062500,240,194717,0.006104,0.049990,16,929400
Reschedule,386878,0.079590,0.062500,240,561420,0.031800,0.062500,21,929400
Reschedule,782711,0.079590,0.062500,240,861420,0.063600,0.062500,108,929400
Reschedule,472145,0.079590,0.062500,239,862809,0.027950,0.031250,1,929400
Reschedule,618427,0.079590,0.062500,238,997664,0.046630,0.062500,211,929400
Reschedule,119170,0.079590,0.062500,237,611597,0.046630,0.062500,216,929400
Reschedule,449833,0.079590,0.062500,236,826329,0.008621,0.031250,9,929400
Reschedule,733341,0.079590,0.062500,236,489326,0.031800,0.062500,21,929400
Reschedule,723028,0.079590,0.062500,236,723163,0.046630,0.062500,222,929400
Reschedule,225323,0.079590,0.062500,235,772279,0.031800,0.062500,206,929400
Reschedule,712411,0.079590,0.062500,235,536420,0.063600,0.062500,230,929400
Reschedule,712429,0.079590,0.062500,234,444916,0.015530,0.037480,14,929400
Reschedule,172115,0.079590,0.062500,233,534334,0.027950,0.031250,5,929400
Reschedule,161097,0.079590,0.062500,232,498475,0.008621,0.031250,24,929400
Reschedule,464169,0.079590,0.062500,231,418944,0.027950,0.031250,6,929400
Reschedule,189569,0.079590,0.062500,228,471021,0.015900,0.012500,4,929400
Reschedule,9447,0.079590,0.062500,227,544600,0.015900,0.012500,5,929400
Reschedule,284537,0.079590,0.062500,226,367038,0.001865,0.062500,153,929400
Reschedule,454791,0.079590,0.062500,226,950752,0.025600,0.062500,220,929400
Reschedule,416932,0.079590,0.062500,224,324703,0.125200,0.056270,27,929400
Reschedule,438441,0.079590,0.062500,223,420857,0.015900,0.012500,9,929400
Reschedule,660701,0.079590,0.062500,221,429176,0.006104,0.049990,69,929400
Reschedule,598938,0.079590,0.062500,219,63216,0.015530,0.015620,13,929400
Reschedule,978914,0.079590,0.062500,218,624028,0.015530,0.031740,32,929400
Reschedule,171384,0.079590,0.062500,215,717911,0.011930,0.068730,169,929400
Reschedule,866642,0.079590,0.062500,214,486974,0.009323,0.031250,33,929400
Reschedule,921576,0.079590,0.062500,213,237261,0.031800,0.043760,35,929400
Reschedule,292437,0.079590,0.062500,212,291081,0.007950,0.056270,78,929400
Reschedule,832493,0.079590,0.062500,209,358774,0.015530,0.031740,41,929400
Reschedule,430356,0.079590,0.062500,208,124034,0.027950,0.031250,37,929400
Reschedule,942723,0.224600,0.381300,249,525376,0.047730,0.125000,128,950700
Reschedule,359969,0.224600,0.381300,248,132736,0.069210,0.206300,231,950700
Reschedule,155620,0.224600,0.381300,247,639601,0.078490,0.182600,153,950700
Reschedule,619394,0.397900,0.406200,249,576282,0.079590,0.125000,234,951900
Reschedule,148644,0.224600,0.381300,250,788841,0.046630,0.062500,242,971100
Reschedule,920606,0.224600,0.381300,247,463637,0.069210,0.206300,57,971100
Reschedule,439831,0.031800,0.381300,249,868200,0.031070,0.187500,19,997200
Reschedule,191006,0.175000,0.375000,250,809343,0.001554,0.250500,137,1244100
Reschedule,870577,0.031070,0.250000,250,160421,0.031800,0.062500,105,1317000
Reschedule,223265,0.031070,0.250000,247,445517,0.183100,0.107700,10,1317000
Reschedule,877087,0.031070,0.250000,245,538358,0.047730,0.187500,152,1317000
Reschedule,500953,0.031070,0.250000,244,839199,0.063600,0.043760,108,1317000
Reschedule,133685,0.031070,0.250000,243,463640,0.069210,0.206300,131,1317000
Reschedule,446440,0.007767,0.250000,246,868202,0.031070,0.187500,194,1458000
Reschedule,866885,0.031800,0.125000,248,135232,0.031800,0.033080,145,1476300
Reschedule,672694,0.031800,0.125000,246,634801,0.039610,0.062500,14,1476300
Reschedule,281482,0.031800,0.125000,244,773456,0.085690,0.062500,38,1476300
Reschedule,421471,0.031800,0.125000,243,881351,0.031800,0.033080,153,1476300
Reschedule,964787,0.031800,0.125000,240,391314,0.076420,0.083130,72,1476300
Reschedule,349437,0.031800,0.125000,239,329358,0.039610,0.062500,55,1476300
Reschedule,865642,0.031800,0.125000,239,415831,0.076420,0.083130,80,1476300
Reschedule,591975,0.031800,0.125000,238,793943,0.011930,0.068730,84,1476300
Reschedule,603149,0.009323,0.099980,250,410735,0.023860,0.062500,2,1493400
Reschedule,838490,0.009323,0.099980,249,163890,0.023860,0.062500,11,1493400
Reschedule,970009,0.009323,0.099980,247,597734,0.089600,0.074950,123,1493400
Reschedule,590102,0.009323,0.099980,246,474833,0.011930,0.068730,21,1493400
Reschedule,591239,0.009323,0.099980,246,213491,0.006363,0.065670,37,1493400
Reschedule,34217,0.047730,0.187500,248,126167,0.009323,0.099980,92,1495200
Reschedule,849583,0.047730,0.187500,247,496493,0.047730,0.125000,226,1495200
Reschedule,371760,0.047730,0.187500,246,539005,0.009323,0.099980,192,1495200
Reschedule,673677,0.047730,0.187500,229,820941,0.009323,0.099980,53,1495200
Reschedule,208992,0.047730,0.187500,182,691661,0.031980,0.093750,46,1495200
Reschedule,593031,0.047730,0.187500,171,14231,0.009323,0.099980,105,1495200
Reschedule,551822,0.047730,0.187500,151,818851,0.009323,0.099980,113,1495200
Reschedule,747164,0.047730,0.193800,260,608715,0.031800,0.062500,168,1511400
Reschedule,521153,0.047730,0.193800,258,913238,0.111300,0.125000,226,1511400
Reschedule,395000,0.047730,0.193800,256,295242,0.031980,0.125000,251,1511400
Reschedule,431735,0.047730,0.193800,260,635915,0.039790,0.093750,19,1511700
Reschedule,524180,0.047730,0.193800,255,756691,0.031980,0.125000,251,1511700
Reschedule,758682,0.047730,0.193800,254,800900,0.039790,0.125000,1,1511700
Reschedule,655634,0.047730,0.193800,254,264170,0.111300,0.125000,96,1511700
Reschedule,544167,0.047730,0.193800,248,409241,0.039790,0.125000,195,1511700
Reschedule,703454,0.124300,0.218800,260,932200,0.023860,0.062500,243,1514100
Reschedule,239347,0.031800,0.062500,259,886353,0.039790,0.033810,55,1514700
Reschedule,890080,0.063600,0.062500,258,206523,0.010880,0.056270,76,1514700
Reschedule,465670,0.031800,0.062500,257,533779,0.010480,0.012500,54,1514700
Reschedule,558342,0.031800,0.062500,256,82814,0.015530,0.015620,55,1514700
Reschedule,494617,0.031800,0.062500,255,647487,0.039790,0.033810,66,1514700
Reschedule,530815,0.031800,0.062500,253,548195,0.039790,0.033810,72,1514700
Reschedule,455813,0.031800,0.062500,253,134153,0.021450,0.056270,38,1514700
Reschedule,522394,0.031800,0.062500,252,829444,0.010880,0.009369,55,1514700
Reschedule,646320,0.063350,0.062500,250,484971,0.016050,0.037480,57,1514700
Reschedule,323437,0.224600,0.381300,259,30427,0.111300,0.125000,244,1516500
Reschedule,585138,0.020200,0.054320,260,303465,0.016050,0.037480,253,1519500
Reschedule,793413,0.031800,0.054320,258,693608,0.003109,0.018740,9,1519500
Reschedule,413657,0.020200,0.054320,257,123873,0.163800,0.012500,1,1519500
Reschedule,300619,0.020200,0.054320,255,800819,0.039790,0.037480,78,1519500
Reschedule,987996,0.020200,0.054320,254,542726,0.015900,0.018740,46,1519500
Reschedule,168038,0.031800,0.054320,251,607620,0.002129,0.006248,1,1519500
Reschedule,276650,0.020200,0.054320,250,337157,0.039790,0.037480,82,1519500
Reschedule,386744,0.020200,0.054320,250,588681,0.039790,0.037480,103,1519500
Reschedule,863258,0.058780,0.187500,257,295244,0.031980,0.125000,51,1522200
Reschedule,571090,0.058780,0.187500,256,894454,0.038210,0.062500,96,1522200
Reschedule,944479,0.058780,0.187500,253,840528,0.039790,0.125000,31,1522200
Reschedule,118177,0.058780,0.187500,252,863007,0.077030,0.156200,251,1522200
Reschedule,513807,0.058780,0.187500,248,616814,0.016050,0.037480,133,1522200
Reschedule,570663,0.058780,0.187500,246,860836,0.039790,0.125000,175,1522200
Reschedule,132742,0.069210,0.206300,244,30427,0.111300,0.125000,227,1522200
Reschedule,463648,0.069210,0.206300,243,730921,0.111300,0.125000,30,1522200
Reschedule,132743,0.069210,0.206300,257,863258,0.058780,0.187500,243,1526700
Reschedule,463649,0.069210,0.206300,252,665882,0.079590,0.078120,203,1526700
Reschedule,400279,0.127200,0.125000,258,793413,0.031800,0.054320,251,1528800
Reschedule,333302,0.127200,0.125000,256,226675,0.039790,0.093750,154,1528800
Reschedule,754648,0.127200,0.125000,254,574719,0.167000,0.107700,96,1528800
Reschedule,543923,0.127200,0.125000,253,493457,0.206800,0.093750,155,1528800
Reschedule,485853,0.127200,0.125000,251,465474,0.031800,0.062500,112,1528800
Reschedule,633553,0.127200,0.125000,250,325195,0.063600,0.125000,164,1528800
Reschedule,301172,0.127200,0.125000,250,161168,0.183100,0.107700,186,1528800
Reschedule,212765,0.127200,0.125000,248,402305,0.079590,0.078120,143,1528800
Reschedule,472826,0.127200,0.125000,246,26954,0.007660,0.030000,147,1528800
Reschedule,356540,0.127200,0.125000,243,642844,0.031800,0.062500,136,1528800
Reschedule,800828,0.127200,0.125000,242,948766,0.031980,0.093750,165,1528800
Reschedule,426319,0.127200,0.125000,240,308130,0.079590,0.068730,46,1528800
Reschedule,681720,0.127200,0.125000,238,335821,0.031800,0.054320,10,1528800
Reschedule,199949,0.127200,0.125000,235,438316,0.023860,0.062500,153,1528800
Reschedule,178967,0.127200,0.125000,235,449302,0.059020,0.110600,183,1528800
Reschedule,448187,0.127200,0.125000,234,561301,0.068360,0.103100,211,1528800
Reschedule,293539,0.127200,0.125000,233,370581,0.079590,0.068730,141,1528800
Reschedule,400353,0.127200,0.125000,231,356390,0.109600,0.062500,53,1528800
Reschedule,637157,0.047730,0.193800,258,444758,0.127200,0.125000,59,1549800
Reschedule,676955,0.047730,0.193800,257,290362,0.127200,0.125000,63,1549800
Reschedule,818779,0.047730,0.193800,256,287218,0.127200,0.125000,99,1549800
Reschedule,603556,0.047730,0.193800,257,342497,0.098390,0.187500,129,1550700
Reschedule,223689,0.047730,0.193800,255,394489,0.127200,0.125000,52,1550700
Reschedule,676773,0.031070,0.187500,254,557609,0.127200,0.125000,214,1550700
Reschedule,853379,0.318400,0.062500,258,975440,0.011930,0.068730,221,1596000
Reschedule,879854,0.318400,0.062500,256,176792,0.163800,0.012500,25,1596000
Reschedule,593724,0.318400,0.062500,255,995792,0.031070,0.187500,257,1596000
Reschedule,129970,0.318400,0.062500,252,626198,0.063600,0.062500,246,1596000
Reschedule,937440,0.318400,0.062500,252,248334,0.031800,0.062500,2,1596000
Reschedule,885757,0.318400,0.062500,248,754355,0.143300,0.062500,68,1596000
Reschedule,289649,0.318400,0.062500,247,754790,0.111500,0.131300,164,1596000
Reschedule,323493,0.318400,0.062500,245,847010,0.020200,0.054320,50,1596000
Reschedule,389917,0.318400,0.062500,244,949326,0.085690,0.062500,25,1596000
Reschedule,391866,0.318400,0.062500,240,921596,0.232700,0.151400,182,1596000
Reschedule,518536,0.318400,0.062500,239,710384,0.071660,0.068730,45,1596000
Reschedule,139215,0.318400,0.062500,237,230299,0.011930,0.068730,233,1596000
Reschedule,262439,0.318400,0.062500,236,373608,0.011930,0.068730,240,1596000
Reschedule,281740,0.318400,0.062500,234,356391,0.109600,0.062500,127,1596000
Reschedule,278680,0.318400,0.062500,230,969084,0.011930,0.068730,49,1596000
Reschedule,212175,0.318400,0.062500,229,501241,0.100200,0.062500,152,1596000
Reschedule,129676,0.318400,0.062500,228,775331,0.079590,0.068730,67,1596000
Reschedule,14652,0.318400,0.062500,227,458792,0.224900,0.037480,1,1596000
Reschedule,534098,0.318400,0.062500,226,284561,0.011930,0.068730,63,1596000
Reschedule,336579,0.318400,0.062500,221,123875,0.163800,0.012500,35,1596000
Reschedule,20148,0.318400,0.062500,217,710102,0.031800,0.062500,66,1596000
Reschedule,151162,0.318400,0.062500,216,908631,0.031800,0.031250,254,1596000
Reschedule,840291,0.318400,0.062500,215,359399,0.039610,0.062500,8,1596000
Reschedule,193950,0.318400,0.062500,215,330401,0.046630,0.062500,26,1596000
Reschedule,200517,0.318400,0.062500,213,939568,0.063600,0.062500,35,1596000
Reschedule,913132,0.318400,0.062500,211,258016,0.031800,0.018740,100,1596000
Reschedule,841215,0.318400,0.062500,199,483722,0.095460,0.009369,69,1596000
Reschedule,450484,0.318400,0.062500,197,581995,0.023860,0.062500,68,1596000
Reschedule,267169,0.318400,0.062500,196,648479,0.023860,0.062500,69,1596000
Reschedule,494900,0.318400,0.062500,194,926581,0.039610,0.062500,72,1596000
Reschedule,785913,0.318400,0.062500,193,575852,0.095460,0.009369,73,1596000
Reschedule,368046,0.318400,0.062500,192,807464,0.318400,0.056270,39,1596000
Reschedule,689790,0.318400,0.062500,190,149340,0.031800,0.018740,1,1596000
Reschedule,675541,0.318400,0.062500,187,941944,0.063600,0.062500,50,1596000
Reschedule,254209,0.318400,0.062500,180,483609,0.063600,0.062500,52,1596000
Reschedule,153744,0.318400,0.062500,178,718122,0.154100,0.125000,174,1596000
Reschedule,550450,0.318400,0.062500,174,706946,0.318400,0.056270,37,1596000
Reschedule,822303,0.318400,0.062500,173,590919,0.025450,0.062500,73,1596000
Reschedule,19598,0.318400,0.062500,171,432924,0.079590,0.068730,74,1596000
Reschedule,9260,0.318400,0.062500,163,528124,0.111300,0.036680,88,1596000
Reschedule,550129,0.318400,0.062500,162,893031,0.063600,0.062500,77,1596000
Reschedule,151815,0.318400,0.062500,161,987572,0.095460,0.093750,110,1596000
Reschedule,5220,0.318400,0.062500,159,420216,0.023860,0.062500,81,1596000
Reschedule,144170,0.318400,0.062500,159,492762,0.047730,0.062500,80,1596000
Reschedule,188393,0.318400,0.062500,158,909659,0.222700,0.093750,84,1596000
Reschedule,444457,0.318400,0.062500,157,581743,0.031800,0.031250,13,1596000
Reschedule,641416,0.318400,0.062500,157,521449,0.047730,0.125000,140,1596000
Reschedule,578330,0.318400,0.062500,153,703356,0.127200,0.009369,126,1596000
Reschedule,417431,0.318400,0.062500,144,249268,0.063600,0.062500,82,1596000
Reschedule,777203,0.318400,0.062500,142,744593,0.097780,0.062500,86,1596000
Reschedule,656108,0.318400,0.062500,137,719846,0.011930,0.068730,89,1596000
Reschedule,419237,0.318400,0.062500,136,435406,0.063600,0.062500,88,1596000
Reschedule,976668,0.318400,0.062500,135,813312,0.063600,0.125000,145,1596000
Reschedule,333851,0.318400,0.062500,132,339610,0.031800,0.056270,70,1596000
Reschedule,502191,0.318400,0.062500,132,635990,0.089600,0.074950,96,1596000
Reschedule,837935,0.318400,0.062500,131,223851,0.039610,0.062500,75,1596000
Reschedule,205398,0.318400,0.062500,130,569775,0.122800,0.062500,100,1596000
Reschedule,145894,0.318400,0.062500,129,632712,0.063600,0.062500,92,1596000
Reschedule,462052,0.318400,0.062500,124,810016,0.087520,0.068730,64,1596000
Reschedule,442005,0.318400,0.062500,123,418186,0.063600,0.062500,93,1596000
Reschedule,854841,0.318400,0.062500,119,982718,0.125200,0.056270,43,1596000
Reschedule,671122,0.318400,0.062500,118,615455,0.222700,0.093750,160,1596000
Reschedule,777126,0.318400,0.062500,117,920400,0.222700,0.093750,238,1596000
Reschedule,399710,0.318400,0.062500,108,796372,0.174800,0.076290,210,1596000
Reschedule,596091,0.318400,0.062500,107,594558,0.063600,0.062500,99,1596000
Reschedule,148345,0.318400,0.062500,106,637416,0.011930,0.068730,102,1596000
Reschedule,532756,0.318400,0.062500,106,340627,0.065920,0.125000,234,1596000
Reschedule,842410,0.318400,0.062500,105,832374,0.111300,0.036680,24,1596000
Reschedule,652925,0.318400,0.062500,101,537740,0.063600,0.062500,104,1596000
Reschedule,907560,0.318400,0.062500,97,203517,0.097780,0.062500,118,1596000
Reschedule,899595,0.318400,0.062500,91,123675,0.092290,0.078120,127,1596000
Reschedule,683421,0.318400,0.062500,87,933169,0.092290,0.078120,128,1596000
Reschedule,665150,0.318400,0.062500,85,470338,0.031980,0.125000,254,1596000
Reschedule,709892,0.318400,0.062500,83,698149,0.076420,0.083130,143,1596000
Reschedule,502627,0.318400,0.062500,76,445367,0.092290,0.078120,146,1596000
Reschedule,542465,0.318400,0.062500,75,220777,0.143300,0.062500,85,1596000
Reschedule,299691,0.318400,0.062500,71,914622,0.011930,0.068730,106,1596000
Reschedule,278960,0.318400,0.062500,56,824754,0.095460,0.093750,154,1596000
Reschedule,246108,0.318400,0.062500,53,264232,0.079590,0.068730,135,1596000
Reschedule,300614,0.318400,0.062500,51,542987,0.127200,0.031250,16,1596000
Reschedule,27159,0.318400,0.062500,48,877680,0.125200,0.056270,90,1596000
Reschedule,168766,0.318400,0.062500,40,468458,0.063600,0.062500,152,1596000
Reschedule,910094,0.318400,0.062500,34,566266,0.039610,0.062500,123,1596000
Reschedule,995809,0.318400,0.062500,28,195321,0.011930,0.068730,53,1596000
Reschedule,403009,0.318400,0.062500,28,875485,0.063600,0.062500,156,1596000
Reschedule,457502,0.318400,0.062500,23,466544,0.063600,0.062500,168,1596000
Reschedule,415719,0.318400,0.062500,14,971409,0.023860,0.062500,130,1596000
Reschedule,977991,0.318400,0.062500,12,168243,0.066770,0.049990,111,1596000
Reschedule,500838,0.318400,0.062500,6,600045,0.119400,0.081300,203,1596000
Reschedule,826247,0.318400,0.062500,249,439831,0.031800,0.381300,261,1596000
Reschedule,817537,0.318400,0.062500,245,543970,0.058780,0.187500,249,1596000
Reschedule,694344,0.318400,0.062500,237,702662,0.031800,0.381300,262,1596000
Reschedule,595280,0.079590,0.012500,330,357397,0.033390,0.024990,2,2082300
Reschedule,492625,0.079590,0.012500,329,465358,0.075560,0.068730,85,2082300
Reschedule,492639,0.079590,0.012500,329,162213,0.010100,0.043760,1,2082300
Reschedule,212843,0.079590,0.012500,327,546326,0.071660,0.068730,8,2082300
Reschedule,689045,0.079590,0.012500,326,254254,0.023860,0.012500,1,2082300
Reschedule,721982,0.079590,0.012500,325,257604,0.033390,0.024990,1,2082300
Reschedule,500670,0.079590,0.012500,325,204696,0.063600,0.062500,25,2082300
Reschedule,401853,0.079590,0.012500,323,198352,0.063600,0.125000,27,2082300
Reschedule,268517,0.079590,0.012500,323,638186,0.057500,0.022490,33,2082300
Reschedule,457841,0.079590,0.012500,322,375981,0.037410,0.062500,2,2082300
Reschedule,763710,0.079590,0.012500,320,561445,0.039610,0.062500,4,2082300
Reschedule,352319,0.079590,0.012500,319,664047,0.063600,0.062500,48,2082300
Reschedule,850630,0.079590,0.012500,318,901418,0.064330,0.062500,96,2082300
Reschedule,636028,0.079590,0.012500,317,520871,0.063350,0.031250,41,2082300
Reschedule,305467,0.079590,0.012500,317,159586,0.071660,0.068730,146,2082300
Reschedule,882461,0.079590,0.012500,316,136137,0.031800,0.036070,9,2082300
Reschedule,791372,0.079590,0.012500,315,941919,0.071660,0.068730,149,2082300
Reschedule,882412,0.079590,0.012500,314,240195,0.063600,0.125000,54,2082300
Reschedule,271686,0.079590,0.012500,314,527385,0.071660,0.068730,164,2082300
Reschedule,590187,0.079590,0.012500,314,1100,0.063600,0.062500,128,2082300
Reschedule,547426,0.079590,0.012500,313,577606,0.019900,0.062500,160,2082300
Reschedule,813365,0.079590,0.012500,312,426692,0.063350,0.031250,79,2082300
Reschedule,941923,0.079590,0.012500,311,556222,0.063600,0.125000,77,2082300
Reschedule,401803,0.079590,0.012500,311,150289,0.063600,0.125000,87,2082300
Reschedule,834618,0.079590,0.012500,309,179506,0.063600,0.125000,95,2082300
Reschedule,433125,0.079590,0.012500,309,874209,0.066770,0.049990,148,2082300
Reschedule,507302,0.079590,0.012500,309,391806,0.057500,0.025630,46,2082300
Reschedule,268488,0.079590,0.012500,308,646382,0.063350,0.062500,161,2082300
Reschedule,399873,0.079590,0.012500,307,859599,0.012440,0.056270,220,2082300
Reschedule,714231,0.079590,0.012500,306,325835,0.071660,0.068730,172,2082300
Reschedule,477962,0.079590,0.012500,300,901366,0.031800,0.032100,16,2082300
Reschedule,454255,0.079590,0.012500,300,215266,0.071660,0.068730,205,2082300
Reschedule,368100,0.079590,0.012500,299,12672,0.057500,0.025630,47,2082300
Reschedule,788986,0.079590,0.012500,298,496890,0.063350,0.062500,208,2082300
Reschedule,689106,0.079590,0.012500,296,176147,0.071660,0.068730,210,2082300
Reschedule,824009,0.079590,0.012500,296,452999,0.057500,0.022490,70,2082300
Reschedule,732726,0.079590,0.012500,295,209107,0.025450,0.024990,10,2082300
Reschedule,927859,0.079590,0.012500,295,428853,0.057500,0.022490,108,2082300
Reschedule,354268,0.079590,0.012500,294,811796,0.033390,0.024990,26,2082300
Reschedule,332050,0.079590,0.012500,294,280773,0.063350,0.062500,223,2082300
Reschedule,864315,0.079590,0.012500,292,907530,0.063600,0.125000,121,2082300
Reschedule,832501,0.079590,0.012500,292,153452,0.057500,0.022490,135,2082300
Reschedule,619597,0.079590,0.012500,291,459339,0.054080,0.093750,18,2082300
Reschedule,732692,0.079590,0.012500,290,900407,0.063600,0.125000,152,2082300
Reschedule,779620,0.079590,0.012500,290,762787,0.063350,0.062500,226,2082300
Reschedule,354213,0.079590,0.012500,289,526142,0.063600,0.125000,155,2082300
Reschedule,420383,0.079590,0.012500,289,676296,0.047730,0.043760,36,2082300
Reschedule,403527,0.079590,0.012500,288,482871,0.063600,0.125000,186,2082300
Reschedule,861478,0.079590,0.012500,288,963770,0.047730,0.043760,38,2082300
Reschedule,737679,0.079590,0.012500,287,570339,0.015900,0.062500,245,2082300
Reschedule,648926,0.079590,0.012500,286,687858,0.047730,0.043760,39,2082300
Reschedule,29757,0.079590,0.012500,285,261637,0.025450,0.024990,29,2082300
Reschedule,436700,0.079590,0.012500,285,221713,0.076420,0.084350,240,2082300
Reschedule,834585,0.079590,0.012500,284,472868,0.033390,0.024990,50,2082300
Reschedule,202065,0.079590,0.012500,283,704583,0.023860,0.006248,3,2082300
Reschedule,691664,0.079590,0.012500,281,709324,0.063600,0.125000,207,2082300
Reschedule,352315,0.079590,0.012500,281,872174,0.047730,0.043760,61,2082300
Reschedule,260158,0.079590,0.012500,279,513460,0.063350,0.031250,137,2082300
Reschedule,620795,0.079590,0.012500,278,993825,0.047730,0.043760,68,2082300
Reschedule,130629,0.079590,0.012500,278,2960,0.063600,0.062500,236,2082300
Reschedule,401775,0.079590,0.012500,277,455507,0.066770,0.049990,180,2082300
Reschedule,298966,0.079590,0.012500,276,909109,0.047730,0.009369,114,2082300
Reschedule,381075,0.079590,0.012500,275,339579,0.055660,0.062500,43,2082300
Reschedule,691645,0.079590,0.012500,275,1269,0.054080,0.093750,49,2082300
Reschedule,854372,0.079590,0.012500,275,828088,0.057500,0.025630,181,2082300
Reschedule,540011,0.079590,0.012500,271,179436,0.076420,0.150600,267,2082300
Reschedule,9721,0.079590,0.012500,270,141196,0.031800,0.031250,65,2082300
Reschedule,722098,0.079590,0.012500,268,423284,0.063600,0.125000,234,2082300
Reschedule,500595,0.079590,0.012500,265,640712,0.057500,0.022490,183,2082300
Reschedule,283090,0.079590,0.012500,264,250209,0.033390,0.024990,82,2082300
Reschedule,614744,0.079590,0.012500,263,314483,0.031800,0.062500,22,2082300
Reschedule,957722,0.079590,0.012500,261,371858,0.033390,0.024990,89,2082300
Reschedule,822245,0.079590,0.012500,256,884510,0.052490,0.187500,15,2082300
Reschedule,377846,0.079590,0.012500,256,571090,0.058780,0.187500,129,2082300
Reschedule,533039,0.079590,0.012500,254,743035,0.058780,0.187500,136,2082300
Reschedule,169131,0.079590,0.012500,252,118177,0.058780,0.187500,231,2082300
Reschedule,190797,0.079590,0.012500,252,156390,0.058780,0.187500,242,2082300
Reschedule,388198,0.079590,0.012500,250,742021,0.046630,0.062500,32,2082300
Reschedule,638013,0.079590,0.012500,248,751556,0.038820,0.068730,35,2082300
Reschedule,538914,0.079590,0.012500,244,149373,0.057500,0.022490,122,2082300
Reschedule,791410,0.079590,0.012500,243,249504,0.039610,0.062500,57,2082300
Reschedule,616072,0.079590,0.012500,241,219988,0.047730,0.062500,73,2082300
Reschedule,22028,0.079590,0.012500,238,538346,0.046630,0.062500,80,2082300
Reschedule,481207,0.079590,0.012500,233,205434,0.046630,0.062500,88,2082300
Reschedule,218510,0.079590,0.012500,232,745040,0.039610,0.062500,90,2082300
Reschedule,844911,0.079590,0.012500,229,578251,0.025450,0.024990,34,2082300
Reschedule,430602,0.079590,0.012500,222,333368,0.054380,0.012500,215,2082300
Reschedule,279163,0.079590,0.012500,220,359400,0.039610,0.062500,93,2082300
Reschedule,993420,0.079590,0.012500,219,948281,0.031070,0.045590,69,2082300
Reschedule,711666,0.079590,0.012500,217,843456,0.054380,0.012500,160,2082300
Reschedule,999299,0.079590,0.012500,216,399786,0.031070,0.045590,98,2082300
Reschedule,283144,0.079590,0.012500,212,228531,0.047730,0.009369,191,2082300
Reschedule,477919,0.079590,0.012500,204,686563,0.039610,0.062500,105,2082300
Reschedule,623453,0.079590,0.012500,203,999984,0.039610,0.062500,111,2082300
Reschedule,571736,0.079590,0.012500,202,967994,0.038820,0.062500,119,2082300
Reschedule,148768,0.079590,0.012500,201,508478,0.039610,0.062500,139,2082300
Reschedule,832655,0.079590,0.012500,197,482645,0.039610,0.062500,140,2082300
Reschedule,204591,0.079590,0.012500,194,451236,0.047730,0.009369,59,2082300
Reschedule,302204,0.079590,0.012500,192,17825,0.054380,0.012500,163,2082300
Reschedule,391059,0.079590,0.012500,190,967277,0.046630,0.062500,144,2082300
Reschedule,284154,0.079590,0.012500,188,622970,0.039610,0.062500,150,2082300
Reschedule,549669,0.079590,0.012500,187,768567,0.054380,0.012500,169,2082300
Reschedule,881730,0.079590,0.012500,185,208782,0.047730,0.009369,131,2082300
Reschedule,243655,0.079590,0.012500,184,645378,0.031800,0.062500,30,2082300
Reschedule,353745,0.079590,0.012500,182,522794,0.057500,0.022490,245,2082300
Reschedule,957517,0.079590,0.012500,173,215552,0.046630,0.062500,178,2082300
Reschedule,381000,0.079590,0.012500,153,744678,0.046630,0.062500,124,2082300
Reschedule,539440,0.079590,0.012500,141,186779,0.045350,0.009369,75,2082300
Reschedule,300618,0.079590,0.012500,117,266472,0.046630,0.062500,297,2082300
Reschedule,514784,0.079590,0.012500,114,629673,0.030090,0.151400,29,2082300
Reschedule,225322,0.079590,0.012500,101,435384,0.039610,0.062500,159,2082300
